first,second,acc
50,50,0.5846938775510204
50,10,0.5387755102040817
10,50,0.5489795918367347
10,10,0.5295918367346939
